accuracy,TPR,TNR
0.46,0.5177664974619289,0.4039408866995074
