accuracy,TPR,TNR
0.9883333333333333,1.0,0.9779179810725552
