accuracy,TPR,TNR
0.575,0.31382978723404253,0.8066037735849056
