accuracy,TPR,TNR
0.5025,0.46798029556650245,0.5380710659898477
