accuracy,TPR,TNR
0.5375,0.3686868686868687,0.7029702970297029
