accuracy,TPR,TNR
0.5375,0.5202020202020202,0.5544554455445545
