accuracy,TPR,TNR
0.5275,0.5459183673469388,0.5098039215686274
