accuracy,TPR,TNR
0.5675,0.5053191489361702,0.6226415094339622
