accuracy,TPR,TNR
0.475,0.4365482233502538,0.5123152709359606
