accuracy,TPR,TNR
0.5525,0.33497536945812806,0.7766497461928934
