accuracy,TPR,TNR
0.9816666666666667,0.9787985865724381,0.9842271293375394
