accuracy,TPR,TNR
0.5375,0.47959183673469385,0.5931372549019608
