accuracy,TPR,TNR
0.54,0.4946236559139785,0.5794392523364486
