accuracy,TPR,TNR
0.545,0.5591397849462365,0.5327102803738317
