accuracy,TPR,TNR
0.5915492957746479,0.5609756097560976,0.6333333333333333
