accuracy,TPR,TNR
0.5774647887323944,0.5135135135135135,0.6470588235294118
