accuracy,TPR,TNR
0.5070422535211268,0.3783783783783784,0.6470588235294118
