accuracy,TPR,TNR
0.647887323943662,0.7631578947368421,0.5151515151515151
