accuracy,TPR,TNR
0.5633802816901409,0.875,0.3076923076923077
