accuracy,TPR,TNR
0.5633802816901409,0.6578947368421053,0.45454545454545453
