accuracy,TPR,TNR
0.5211267605633803,0.6875,0.38461538461538464
