accuracy,TPR,TNR
0.5492957746478874,0.47058823529411764,0.6216216216216216
