accuracy,TPR,TNR
0.5352112676056338,0.3902439024390244,0.7333333333333333
