accuracy,TPR,TNR
0.5211267605633803,0.5588235294117647,0.4864864864864865
