accuracy,TPR,TNR
0.5492957746478874,0.7941176470588235,0.32432432432432434
