accuracy,TPR,TNR
0.5774647887323944,0.7058823529411765,0.4594594594594595
