accuracy,TPR,TNR
0.5925925925925926,0.6233766233766234,0.5161290322580645
