accuracy,TPR,TNR
0.6666666666666666,0.8970588235294118,0.275
