accuracy,TPR,TNR
0.5648148148148148,0.6901408450704225,0.32432432432432434
