accuracy,TPR,TNR
0.6574074074074074,0.8333333333333334,0.3055555555555556
