accuracy,TPR,TNR
0.6203703703703703,0.7560975609756098,0.19230769230769232
