accuracy,TPR,TNR
0.5740740740740741,0.9393939393939394,0.0
