accuracy,TPR,TNR
0.5370370370370371,0.6285714285714286,0.3684210526315789
