accuracy,TPR,TNR
0.8333333333333334,0.6666666666666666,0.8888888888888888
