accuracy,TPR,TNR
0.9166666666666666,1.0,0.8571428571428571
