accuracy,TPR,TNR
0.5833333333333334,0.4,0.7142857142857143
