accuracy,TPR,TNR
0.8333333333333334,1.0,0.6666666666666666
