accuracy,TPR,TNR
0.9166666666666666,0.8333333333333334,1.0
